,Numpy,CGrad,Scipy
avg dt [ms],0.17895287330029533,0.06400315569917438,0.8923386905007646
norm of residuals,3.271831344854527e-12,7.970572355342123e-11,0.03131300405060019
