,Numpy,U_CG,P_CG
avg dt [ms],110.74893240001984,158.17200650344603,4120.523500797572
norm of residuals,1.2594885700132378e-14,2.203112013280614e-11,2.657384757143438e-10
