,Numpy,P_CG
avg_dt[ms],2885.5293675902067,3979.106496379827
norm_of_residuals,2.901292688932468e-14,2.109911774185294e-13
peak_memory_usage[KiB],1707.76953125,984.71875
