,Numpy,U_CG,P_CG
avg dt [ms],93.1415307696443,28.974685800494626,4104.55911929952
norm of residuals,1.2594885700132378e-14,1.0529193851853794e-13,1.197099824273405e-10
